INSERT INTO [Автор] (id, имя) VALUES
(1, N'Лев Толстой'),
(2, N'Фёдор Достоевский'),
(3, N'Александр Пушкин'),
(4, N'Антон Чехов'),
(5, N'Михаил Булгаков'),
(6, N'Николай Гоголь'),
(7, N'Иван Тургенев'),
(8, N'Владимир Набоков'),
(9, N'Сергей Есенин'),
(10, N'Марина Цветаева');

INSERT INTO [Жанр] (id, название) VALUES
(1, N'Роман'),
(2, N'Поэзия'),
(3, N'Драма'),
(4, N'Фантастика'),
(5, N'Детектив'),
(6, N'Исторический'),
(7, N'Философия'),
(8, N'Приключения'),
(9, N'Эссе'),
(10, N'Комедия');

INSERT INTO [Тема] (id, название) VALUES
(1, N'Любовь'),
(2, N'Война'),
(3, N'Природа'),
(4, N'Общество'),
(5, N'Смерть'),
(6, N'Свобода'),
(7, N'Дружба'),
(8, N'Путешествия'),
(9, N'Власть'),
(10, N'Семья');

INSERT INTO [Книга_образец] (id, название) VALUES
(1, N'Война и мир'),
(2, N'Преступление и наказание'),
(3, N'Евгений Онегин'),
(4, N'Вишнёвый сад'),
(5, N'Мастер и Маргарита'),
(6, N'Мёртвые души'),
(7, N'Отцы и дети'),
(8, N'Лолита'),
(9, N'Анна Снегина'),
(10, N'Поэмы');

INSERT INTO [Издательство] (id, название, телефон, адрес) VALUES
(1, N'АСТ', '74951234567', N'Москва, ул. Ленина, д.1'),
(2, N'Эксмо', '74959876543', N'Санкт-Петербург, Невский пр., д.10'),
(3, N'Питер', '78121234567', N'Санкт-Петербург, ул. Пушкина, д.5'),
(4, N'Просвещение', '74951230000', N'Москва, ул. Тверская, д.20'),
(5, N'Дрофа', '74951239999', N'Москва, ул. Арбат, д.15'),
(6, N'Альпина', '74951231111', N'Москва, ул. Садовая, д.7'),
(7, N'Вече', '74959870000', N'Санкт-Петербург, ул. Мира, д.3'),
(8, N'КомпасГид', '74951232222', N'Москва, ул. Новая, д.12'),
(9, N'Манн, Иванов и Фербер', '74951233333', N'Москва, ул. Большая, д.8'),
(10, N'Эксмо-Пресс', '74959874444', N'Санкт-Петербург, ул. Ломоносова, д.9');

INSERT INTO [Покупатель] (id, ФИО, адрес) VALUES
(1, N'Иванов Иван Иванович', N'Москва, ул. Ленина, д.1'),
(2, N'Петров Пётр Петрович', N'Санкт-Петербург, Невский пр., д.10'),
(3, N'Сидоров Сидор Сидорович', N'Казань, ул. Пушкина, д.5'),
(4, N'Кузнецова Мария Ивановна', N'Новосибирск, ул. Советская, д.3'),
(5, N'Васильев Алексей Сергеевич', N'Екатеринбург, ул. Ленина, д.7'),
(6, N'Морозова Ольга Викторовна', N'Нижний Новгород, ул. Гагарина, д.12'),
(7, N'Смирнов Дмитрий Алексеевич', N'Челябинск, ул. Ломоносова, д.8'),
(8, N'Попова Елена Николаевна', N'Ростов-на-Дону, ул. Мира, д.15'),
(9, N'Новиков Андрей Павлович', N'Воронеж, ул. Октябрьская, д.20'),
(10, N'Зайцева Наталья Ивановна', N'Пермь, ул. Карла Маркса, д.9');

INSERT INTO [Заказ] (id, статус, дата, id_покупателя) VALUES
(1, 0, '2024-01-10', 1),
(2, 1, '2024-01-15', 2),
(3, 2, '2024-01-20', 3),
(4, 0, '2024-02-01', 4),
(5, 1, '2024-02-05', 5),
(6, 2, '2024-02-10', 6),
(7, 0, '2024-02-15', 7),
(8, 1, '2024-02-20', 8),
(9, 2, '2024-02-25', 9),
(10, 0, '2024-03-01', 10);

INSERT INTO [Тираж_книги] (id, [дата_поступления], [цена_продажи], [число_экземпляров], [закупочная_цена], id_издательства) VALUES
(1, '2023-12-01', 500, 1000, 300, 1),
(2, '2023-11-15', 450, 800, 280, 2),
(3, '2024-01-05', 600, 1200, 350, 3),
(4, '2023-10-20', 550, 900, 320, 4),
(5, '2023-12-15', 700, 1100, 400, 5),
(6, '2024-01-10', 480, 950, 300, 6),
(7, '2023-11-30', 520, 850, 310, 7),
(8, '2024-02-01', 530, 1000, 320, 8),
(9, '2024-02-10', 490, 900, 290, 9),
(10, '2024-03-01', 510, 950, 305, 10);

INSERT INTO [Книга_экземпляр] (шифр, id_тиража_книги, id_образца, id_заказа) VALUES
(1001, 1, 1, 1),
(1002, 2, 2, 2),
(1003, 3, 3, 3),
(1004, 4, 4, 4),
(1005, 5, 5, 5),
(1006, 6, 6, 6),
(1007, 7, 7, 7),
(1008, 8, 8, 8),
(1009, 9, 9, 9),
(1010, 10, 10, 10);

INSERT INTO [Книга_Автор] (id_книги, id_автора) VALUES
(1, 1),
(2, 2),
(3, 3),
(4, 4),
(5, 5),
(6, 6),
(7, 7),
(8, 8),
(9, 9),
(10, 10);

INSERT INTO [Книга_Тема] (id_книги, id_темы) VALUES
(1, 2),
(2, 5),
(3, 1),
(4, 4),
(5, 3),
(6, 9),
(7, 6),
(8, 8),
(9, 7),
(10, 10);

INSERT INTO [Книга_Жанр] (id_книги, id_жанра) VALUES
(1, 1),
(2, 1),
(3, 2),
(4, 3),
(5, 1),
(6, 6),
(7, 1),
(8, 4),
(9, 2),
(10, 2);
